-- =============================================================================
-- V5__seeds.sql — Datos de Prueba Realistas
-- Solo se carga en perfil dev (classpath:db/seeds)
-- Cubre 8 escenarios clínicos y de negocio.
-- Los UUIDs son fijos para garantizar integridad referencial entre INSERTs.
-- =============================================================================

-- SECCIÓN 1: CATÁLOGOS — Especies y Razas

INSERT INTO species (id, name) VALUES
    ('00000000-0001-0001-0001-000000000001', 'Perro'),
    ('00000000-0001-0001-0001-000000000002', 'Gato'),
    ('00000000-0001-0001-0001-000000000003', 'Ave'),
    ('00000000-0001-0001-0001-000000000004', 'Conejo');

INSERT INTO breeds (id, species_id, name) VALUES
    ('00000000-0002-0002-0002-000000000001', '00000000-0001-0001-0001-000000000001', 'Labrador Retriever'),
    ('00000000-0002-0002-0002-000000000002', '00000000-0001-0001-0001-000000000001', 'Golden Retriever'),
    ('00000000-0002-0002-0002-000000000003', '00000000-0001-0001-0001-000000000001', 'Bulldog Francés'),
    ('00000000-0002-0002-0002-000000000004', '00000000-0001-0001-0001-000000000001', 'Beagle'),
    ('00000000-0002-0002-0002-000000000005', '00000000-0001-0001-0001-000000000001', 'Pastor Alemán'),
    ('00000000-0002-0002-0002-000000000006', '00000000-0001-0001-0001-000000000002', 'Persa'),
    ('00000000-0002-0002-0002-000000000007', '00000000-0001-0001-0001-000000000002', 'Siamés'),
    ('00000000-0002-0002-0002-000000000008', '00000000-0001-0001-0001-000000000002', 'Maine Coon');


-- SECCIÓN 2: PERSONAL

INSERT INTO staff (id, first_name, last_name, email, phone, license_number, role, is_active) VALUES
    ('00000000-0003-0003-0003-000000000001',
     'Carlos', 'Mendoza Ríos',
     'c.mendoza@vetclinica.com', '+57-310-4521890',
     'VET-COL-2018-0042', 'VETERINARIAN', TRUE),
    ('00000000-0003-0003-0003-000000000002',
     'Ana', 'Jiménez Salcedo',
     'a.jimenez@vetclinica.com', '+57-315-7834521',
     'VET-COL-2020-0117', 'VETERINARIAN', TRUE),
    ('00000000-0003-0003-0003-000000000003',
     'Pedro', 'Ramírez Cruz',
     'p.ramirez@vetclinica.com', '+57-300-9823410',
     NULL, 'ASSISTANT', TRUE),
    ('00000000-0003-0003-0003-000000000004',
     'Laura', 'Vega Montoya',
     'l.vega@vetclinica.com', '+57-311-2340987',
     NULL, 'RECEPTIONIST', TRUE);


-- SECCIÓN 3: CLIENTES

INSERT INTO clients (id, first_name, last_name, email, phone, address) VALUES
    ('00000000-0004-0004-0004-000000000001',
     'Roberto', 'Gómez Herrera',
     'roberto.gomez@gmail.com', '+57-312-5670234',
     'Calle 85 # 14-32, Bogotá'),
    ('00000000-0004-0004-0004-000000000002',
     'María', 'Torres Pinto',
     'maria.torres@outlook.com', '+57-318-4521076',
     'Carrera 11 # 93-44, Bogotá'),
    ('00000000-0004-0004-0004-000000000003',
     'Carlos', 'Herrera Valencia',
     'c.herrera@empresa.co', '+57-321-8907654',
     'Av. El Dorado # 68B-31, Bogotá'),
    ('00000000-0004-0004-0004-000000000004',
     'Sofía', 'Herrera Valencia',
     'sofia.herrera@gmail.com', '+57-321-1234567',
     'Av. El Dorado # 68B-31, Bogotá'),
    ('00000000-0004-0004-0004-000000000005',
     'Diana', 'Morales Acosta',
     'diana.morales@gmail.com', '+57-317-6543210',
     'Calle 116 # 52-18, Bogotá'),
    ('00000000-0004-0004-0004-000000000006',
     'Andrés', 'Peña Castellanos',
     'andres.pena@hotmail.com', '+57-300-1122334',
     'Cra 7 # 45-20, Bogotá');


-- SECCIÓN 4: PACIENTES

INSERT INTO patients (id, name, species_id, breed_id, birth_date, sex, weight_kg,
                      coat_color, microchip_number, is_sterilized) VALUES
    ('00000000-0005-0005-0005-000000000001',
     'Max',
     '00000000-0001-0001-0001-000000000001',
     '00000000-0002-0002-0002-000000000001',
     '2022-01-15', 'M', 32.50,
     'Amarillo dorado', '941000023456789', FALSE),
    ('00000000-0005-0005-0005-000000000002',
     'Luna',
     '00000000-0001-0001-0001-000000000002',
     '00000000-0002-0002-0002-000000000006',
     '2023-04-20', 'F', 4.20,
     'Blanca con manchas grises', '941000034567890', TRUE),
    ('00000000-0005-0005-0005-000000000003',
     'Rocky',
     '00000000-0001-0001-0001-000000000001',
     '00000000-0002-0002-0002-000000000003',
     '2024-03-10', 'M', 11.80,
     'Atigrado negro y blanco', '941000045678901', FALSE),
    ('00000000-0005-0005-0005-000000000004',
     'Simba',
     '00000000-0001-0001-0001-000000000002',
     '00000000-0002-0002-0002-000000000008',
     '2025-02-08', 'M', 5.10,
     'Marrón tabby', NULL, FALSE),
    ('00000000-0005-0005-0005-000000000005',
     'Pelusa',
     '00000000-0001-0001-0001-000000000004',
     NULL,
     '2024-08-01', 'F', 1.85,
     'Blanca', NULL, FALSE),
    ('00000000-0005-0005-0005-000000000006',
     'Coco',
     '00000000-0001-0001-0001-000000000003',
     NULL,
     '2023-11-12', 'M', 0.02,
     'Amarillo', NULL, FALSE),
    ('00000000-0005-0005-0005-000000000007',
     'Milo',
     '00000000-0001-0001-0001-000000000001',
     '00000000-0002-0002-0002-000000000002',
     '2019-06-22', 'M', 28.30,
     'Dorado oscuro', '941000056789012', TRUE);

UPDATE patients
SET deleted_at = '2025-11-30 14:20:00+00'
WHERE id = '00000000-0005-0005-0005-000000000007';


-- SECCIÓN 5: CO-PROPIEDAD DE PACIENTES

INSERT INTO client_patients (id, client_id, patient_id, is_primary_owner) VALUES
    ('00000000-0006-0006-0006-000000000001',
     '00000000-0004-0004-0004-000000000001',
     '00000000-0005-0005-0005-000000000001', TRUE),
    ('00000000-0006-0006-0006-000000000002',
     '00000000-0004-0004-0004-000000000002',
     '00000000-0005-0005-0005-000000000002', TRUE),
    ('00000000-0006-0006-0006-000000000003',
     '00000000-0004-0004-0004-000000000002',
     '00000000-0005-0005-0005-000000000004', TRUE),
    ('00000000-0006-0006-0006-000000000004',
     '00000000-0004-0004-0004-000000000002',
     '00000000-0005-0005-0005-000000000006', TRUE),
    ('00000000-0006-0006-0006-000000000005',
     '00000000-0004-0004-0004-000000000003',
     '00000000-0005-0005-0005-000000000003', TRUE),
    ('00000000-0006-0006-0006-000000000006',
     '00000000-0004-0004-0004-000000000004',
     '00000000-0005-0005-0005-000000000003', FALSE),
    ('00000000-0006-0006-0006-000000000007',
     '00000000-0004-0004-0004-000000000006',
     '00000000-0005-0005-0005-000000000005', TRUE),
    ('00000000-0006-0006-0006-000000000008',
     '00000000-0004-0004-0004-000000000005',
     '00000000-0005-0005-0005-000000000007', TRUE);


-- SECCIÓN 6: PRODUCTOS

INSERT INTO products (id, name, type, description, sku, stock_quantity,
                      unit_price, cost_price, min_stock_alert,
                      requires_prescription, is_active) VALUES
    ('00000000-0007-0007-0007-000000000001',
     'Amoxicilina 500 mg × 10 comprimidos', 'MEDICATION',
     'Antibiótico de amplio espectro.',
     'MED-AMOX-500-10', 48, 18.00, 8.50, 10, TRUE, TRUE),
    ('00000000-0007-0007-0007-000000000002',
     'Ivermectina 1% Solución Inyectable 10 ml', 'MEDICATION',
     'Antiparasitario de amplio espectro.',
     'MED-IVER-1-10ML', 30, 12.00, 5.00, 5, TRUE, TRUE),
    ('00000000-0007-0007-0007-000000000003',
     'Prednisolona 5 mg × 20 comprimidos', 'MEDICATION',
     'Corticosteroide antiinflamatorio.',
     'MED-PRED-5-20', 55, 22.00, 10.00, 10, TRUE, TRUE),
    ('00000000-0007-0007-0007-000000000004',
     'Metronidazol 250 mg × 14 comprimidos', 'MEDICATION',
     'Antibiótico y antiprotozoario.',
     'MED-METR-250-14', 62, 15.00, 6.00, 10, TRUE, TRUE),
    ('00000000-0007-0007-0007-000000000005',
     'Omeprazol 20 mg × 30 cápsulas', 'MEDICATION',
     'Inhibidor de la bomba de protones.',
     'MED-OMEP-20-30', 3, 19.00, 8.00, 8, FALSE, TRUE),
    ('00000000-0007-0007-0007-000000000006',
     'Nobivac DHPPi — Parvovirus / Moquillo / Hepatitis / Parainfluenza', 'VACCINE',
     'Vacuna polivalente canina.',
     'VAC-NOBIVAC-DHPPI', 22, 35.00, 16.00, 5, FALSE, TRUE),
    ('00000000-0007-0007-0007-000000000007',
     'Defensor 3 — Antirrábica 1 dosis', 'VACCINE',
     'Vacuna antirrábica inactivada.',
     'VAC-DEFENSOR-3-1D', 18, 28.00, 12.00, 5, FALSE, TRUE),
    ('00000000-0007-0007-0007-000000000008',
     'Leucofeligen — Leucemia Felina + Rinotraqueítis / Calicivirus', 'VACCINE',
     'Vacuna combinada felina.',
     'VAC-LEUCOFELIGEN-1D', 14, 42.00, 19.00, 5, FALSE, TRUE),
    ('00000000-0007-0007-0007-000000000009',
     'Feligen CRP — Triple Felina', 'VACCINE',
     'Vacuna core felina.',
     'VAC-FELIGEN-CRP-1D', 19, 38.00, 17.00, 5, FALSE, TRUE),
    ('00000000-0007-0007-0007-000000000010',
     'Jeringas Desechables 5 ml × 10 unidades', 'SUPPLY',
     'Jeringas estériles de un solo uso.',
     'SUP-JERINGAS-5ML-10', 200, 4.50, 1.80, 30, FALSE, TRUE),
    ('00000000-0007-0007-0007-000000000011',
     'Vendas Elásticas Cohesivas 5 cm × 4 m', 'SUPPLY',
     'Venda autoadherente.',
     'SUP-VENDA-COH-5CM', 120, 3.20, 1.00, 20, FALSE, TRUE),
    ('00000000-0007-0007-0007-000000000012',
     'Consulta General', 'SERVICE',
     'Consulta clínica estándar.',
     'SVC-CONSULTA-GEN', NULL, 45.00, NULL, NULL, FALSE, TRUE),
    ('00000000-0007-0007-0007-000000000013',
     'Consulta de Urgencias', 'SERVICE',
     'Atención prioritaria.',
     'SVC-CONSULTA-URG', NULL, 75.00, NULL, NULL, FALSE, TRUE),
    ('00000000-0007-0007-0007-000000000014',
     'Cirugía Menor Ambulatoria', 'SERVICE',
     'Procedimientos quirúrgicos de baja complejidad.',
     'SVC-CIRUGIA-MENOR', NULL, 120.00, NULL, NULL, FALSE, TRUE),
    ('00000000-0007-0007-0007-000000000015',
     'Baño Medicado y Estética', 'SERVICE',
     'Baño terapéutico con champú antimicótico.',
     'SVC-BANIO-MEDICADO', NULL, 25.00, NULL, NULL, FALSE, TRUE);


-- SECCIÓN 7: CITAS

INSERT INTO appointments (id, patient_id, staff_id, scheduled_at, status, reason, notes) VALUES
    ('00000000-0008-0008-0008-000000000001',
     '00000000-0005-0005-0005-000000000001',
     '00000000-0003-0003-0003-000000000001',
     '2026-03-08 10:00:00+00', 'COMPLETED',
     'Rascado intenso y secreción en oídos',
     'El dueño menciona mal olor. Primera vez que presenta este cuadro.'),
    ('00000000-0008-0008-0008-000000000002',
     '00000000-0005-0005-0005-000000000002',
     '00000000-0003-0003-0003-000000000002',
     '2026-02-20 09:00:00+00', 'COMPLETED',
     'Estornudos frecuentes y descarga nasal serosa',
     'Gata indoor, sin contacto con otros gatos según dueña.'),
    ('00000000-0008-0008-0008-000000000003',
     '00000000-0005-0005-0005-000000000003',
     '00000000-0003-0003-0003-000000000001',
     '2026-03-15 11:00:00+00', 'COMPLETED',
     'Lesiones en piel, rascado excesivo y pérdida de pelo',
     'Cuadro recurrente. Dueño reporta que el perro come alimento de pollo.'),
    ('00000000-0008-0008-0008-000000000004',
     '00000000-0005-0005-0005-000000000004',
     '00000000-0003-0003-0003-000000000002',
     '2026-03-28 09:00:00+00', 'CONFIRMED',
     'Control de crecimiento y vacunación al año',
     'Primera visita del año. Confirmar esquema vacunal pendiente.'),
    ('00000000-0008-0008-0008-000000000005',
     '00000000-0005-0005-0005-000000000001',
     '00000000-0003-0003-0003-000000000001',
     '2026-01-25 14:00:00+00', 'CANCELLED',
     'Seguimiento post-tratamiento de otitis',
     'Cliente llamó 2 horas antes para cancelar. Reagendó para marzo.'),
    ('00000000-0008-0008-0008-000000000006',
     '00000000-0005-0005-0005-000000000005',
     '00000000-0003-0003-0003-000000000002',
     '2026-03-01 10:00:00+00', 'NO_SHOW',
     'Primera consulta general y revisión de dieta',
     'Recepción llamó sin éxito a las 10:15.'),
    ('00000000-0008-0008-0008-000000000007',
     '00000000-0005-0005-0005-000000000007',
     '00000000-0003-0003-0003-000000000001',
     '2025-10-12 10:00:00+00', 'COMPLETED',
     'Control de enfermedad renal crónica estadio III',
     'Paciente con diagnóstico previo de ERC. Viene a control mensual.');


-- SECCIÓN 8: CONSULTAS CLÍNICAS

INSERT INTO consultations (id, appointment_id, staff_id, anamnesis, physical_exam,
                           treatment_plan, weight_kg, temperature_c) VALUES
    ('00000000-0009-0009-0009-000000000001',
     '00000000-0008-0008-0008-000000000001',
     '00000000-0003-0003-0003-000000000001',
     'Propietario refiere rascado de oídos bilateral desde hace 10 días. Noto mal olor al acercarse al oído derecho. Sin antecedentes de otitis previas.',
     'Otoscopia: membrana timpánica íntegra bilateral. Exudado marrón oscuro abundante en oído derecho, moderado en izquierdo. Eritema y edema en canal auditivo externo derecho.',
     'Limpieza ótica profunda con solución al 0.05% de clorhexidina. Amoxicilina 500mg VO cada 12h × 10 días. Control en 14 días.',
     32.10, 38.40),
    ('00000000-0009-0009-0009-000000000002',
     '00000000-0008-0008-0008-000000000002',
     '00000000-0003-0003-0003-000000000002',
     'Propietaria refiere estornudos frecuentes (>10 veces/día) y secreción nasal serosa desde hace 5 días. Apetito ligeramente disminuido.',
     'Mucosas rosadas y húmedas. Secreción nasal serosa bilateral moderada. Leve enrojecimiento conjuntival bilateral. Temperatura 39.1°C.',
     'Diagnóstico presuntivo de rinotraqueítis viral felina (FHV-1). Soporte nutricional. Metronidazol 250mg cada 12h × 7 días. Nebulización salina 2 veces/día.',
     4.15, 39.10),
    ('00000000-0009-0009-0009-000000000003',
     '00000000-0008-0008-0008-000000000003',
     '00000000-0003-0003-0003-000000000001',
     'Propietario refiere aparición progresiva de lesiones en piel abdominal e inguinal hace 3 semanas. Rascado intenso y lamido de zonas afectadas.',
     'Pápulas eritematosas y costras en abdomen ventral, axilas e ingles. Alopecia focal en área inguinal derecha. Citología: cocos en racimos (Staphylococcus spp.).',
     'Plan 1: Prednisolona 5mg VO SID × 14 días. Plan 2: Prueba de eliminación de pollo × 8 semanas. Plan 3: Baño medicado con clorhexidina al 2% cada 3 días.',
     11.60, 38.90),
    ('00000000-0009-0009-0009-000000000004',
     '00000000-0008-0008-0008-000000000007',
     '00000000-0003-0003-0003-000000000001',
     'Propietaria reporta disminución de apetito en los últimos 15 días y un episodio de vómito la semana pasada.',
     'Mucosas pálidas levemente. BCS 3/9. Pelop opaco y deshidratación leve (5%). Halitosis urémica presente. Riñones pequeños e irregulares.',
     'Ajuste de fluidoterapia subcutánea domiciliaria a 150ml cada 48h. Omeprazol 20mg VO SID como gastroprotector. Control en 4 semanas.',
     27.80, 38.10);


-- SECCIÓN 9: DIAGNÓSTICOS

INSERT INTO diagnoses (id, consultation_id, cie_code, description, severity, is_primary) VALUES
    ('00000000-0010-0010-0010-000000000001',
     '00000000-0009-0009-0009-000000000001',
     'H60.3',
     'Otitis externa bacteriana bilateral — compatible con Staphylococcus spp. y Malassezia',
     'MODERATE', TRUE),
    ('00000000-0010-0010-0010-000000000002',
     '00000000-0009-0009-0009-000000000002',
     'J06.9',
     'Rinotraqueítis viral felina aguda (FHV-1 presuntivo) — infección respiratoria superior',
     'MILD', TRUE),
    ('00000000-0010-0010-0010-000000000003',
     '00000000-0009-0009-0009-000000000003',
     'L23.9',
     'Dermatitis alérgica — probable alergia alimentaria a proteína de pollo',
     'MODERATE', TRUE),
    ('00000000-0010-0010-0010-000000000004',
     '00000000-0009-0009-0009-000000000003',
     'L08.9',
     'Pioderma superficial bacteriana secundaria — Staphylococcus spp. por citología',
     'MILD', FALSE),
    ('00000000-0010-0010-0010-000000000005',
     '00000000-0009-0009-0009-000000000004',
     'N18.3',
     'Enfermedad renal crónica estadio III — progresión con crisis anoréxica',
     'SEVERE', TRUE);


-- SECCIÓN 10: PRESCRIPCIONES

INSERT INTO prescriptions (id, consultation_id, product_id, dosage, frequency,
                           duration_days, instructions) VALUES
    ('00000000-0011-0011-0011-000000000001',
     '00000000-0009-0009-0009-000000000001',
     '00000000-0007-0007-0007-000000000001',
     '15 mg/kg (1 comprimido de 500mg para 32 kg)',
     'Cada 12 horas, preferiblemente con alimento',
     10,
     'Administrar el comprimido entero envuelto en carne o queso. NO suspender aunque mejore.'),
    ('00000000-0011-0011-0011-000000000002',
     '00000000-0009-0009-0009-000000000002',
     '00000000-0007-0007-0007-000000000004',
     '10 mg/kg (1/2 comprimido de 250mg para 4 kg)',
     'Cada 12 horas, siempre con comida',
     7,
     'Triturar el comprimido y mezclar con comida húmeda. Puede causar leve somnolencia.'),
    ('00000000-0011-0011-0011-000000000003',
     '00000000-0009-0009-0009-000000000003',
     '00000000-0007-0007-0007-000000000003',
     '1 mg/kg/día (2 comprimidos de 5mg para 11.6 kg)',
     'Una vez al día por la mañana con el desayuno',
     14,
     'IMPORTANTE: No suspender bruscamente. Los días 8 al 14 dar solo 1 comprimido (media dosis).'),
    ('00000000-0011-0011-0011-000000000004',
     '00000000-0009-0009-0009-000000000004',
     '00000000-0007-0007-0007-000000000005',
     '0.7 mg/kg (1 cápsula de 20mg para 27.8 kg)',
     'Una vez al día, en ayunas, 30 minutos antes del desayusto',
     30,
     'Abrir la cápsula y mezclar el polvo con alimento húmedo. Mantener acceso constante a agua.');


-- SECCIÓN 11: VACUNACIONES

INSERT INTO vaccinations (id, patient_id, product_id, staff_id,
                          administered_at, next_due_date, batch_number) VALUES
    ('00000000-0012-0012-0012-000000000001',
     '00000000-0005-0005-0005-000000000001',
     '00000000-0007-0007-0007-000000000006',
     '00000000-0003-0003-0003-000000000001',
     '2025-03-10', '2026-03-10', 'NB-DHPPi-2024-A0342'),
    ('00000000-0012-0012-0012-000000000002',
     '00000000-0005-0005-0005-000000000001',
     '00000000-0007-0007-0007-000000000007',
     '00000000-0003-0003-0003-000000000001',
     '2025-03-10', '2026-03-10', 'DEF3-2024-RB0891'),
    ('00000000-0012-0012-0012-000000000003',
     '00000000-0005-0005-0005-000000000002',
     '00000000-0007-0007-0007-000000000009',
     '00000000-0003-0003-0003-000000000002',
     '2025-06-15', '2026-06-15', 'FEL-CRP-2025-0561'),
    ('00000000-0012-0012-0012-000000000004',
     '00000000-0005-0005-0005-000000000002',
     '00000000-0007-0007-0007-000000000008',
     '00000000-0003-0003-0003-000000000002',
     '2025-06-15', '2026-06-15', 'LEUCO-FEL-2025-0203'),
    ('00000000-0012-0012-0012-000000000005',
     '00000000-0005-0005-0005-000000000003',
     '00000000-0007-0007-0007-000000000006',
     '00000000-0003-0003-0003-000000000001',
     '2025-01-20', '2026-01-20', 'NB-DHPPi-2024-B0198');


-- SECCIÓN 12: FACTURAS E ÍTEMS

INSERT INTO invoices (id, client_id, consultation_id, status,
                      subtotal, tax_rate, tax_amount, total,
                      payment_method, issued_at, paid_at) VALUES
    ('00000000-0013-0013-0013-000000000001',
     '00000000-0004-0004-0004-000000000001',
     '00000000-0009-0009-0009-000000000001',
     'PAID',
     63.00, 0.1900, 11.97, 74.97,
     'CARD',
     '2026-03-08 11:45:00+00',
     '2026-03-08 11:47:00+00'),
    ('00000000-0013-0013-0013-000000000002',
     '00000000-0004-0004-0004-000000000002',
     '00000000-0009-0009-0009-000000000002',
     'PAID',
     60.00, 0.1900, 11.40, 71.40,
     'TRANSFER',
     '2026-02-20 10:30:00+00',
     '2026-02-20 10:35:00+00'),
    ('00000000-0013-0013-0013-000000000003',
     '00000000-0004-0004-0004-000000000003',
     '00000000-0009-0009-0009-000000000003',
     'DRAFT',
     67.00, 0.1900, 12.73, 79.73,
     NULL, NULL, NULL),
    ('00000000-0013-0013-0013-000000000004',
     '00000000-0004-0004-0004-000000000005',
     '00000000-0009-0009-0009-000000000004',
     'PAID',
     64.00, 0.1900, 12.16, 76.16,
     'CASH',
     '2025-10-12 11:30:00+00',
     '2025-10-12 11:32:00+00'),
    ('00000000-0013-0013-0013-000000000005',
     '00000000-0004-0004-0004-000000000001',
     NULL,
     'ISSUED',
     38.00, 0.0000, 0.00, 38.00,
     NULL,
     '2026-03-20 15:10:00+00',
     NULL);

INSERT INTO invoice_items (id, invoice_id, product_id, description, quantity, unit_price) VALUES
    ('00000000-0014-0014-0014-000000000001',
     '00000000-0013-0013-0013-000000000001',
     '00000000-0007-0007-0007-000000000012',
     'Consulta General — Otitis externa bilateral', 1, 45.00),
    ('00000000-0014-0014-0014-000000000002',
     '00000000-0013-0013-0013-000000000001',
     '00000000-0007-0007-0007-000000000001',
     'Amoxicilina 500 mg × 10 comprimidos — Antibioticoterapia ótica', 1, 18.00),
    ('00000000-0014-0014-0014-000000000003',
     '00000000-0013-0013-0013-000000000002',
     '00000000-0007-0007-0007-000000000012',
     'Consulta General — Rinotraqueítis viral felina', 1, 45.00),
    ('00000000-0014-0014-0014-000000000004',
     '00000000-0013-0013-0013-000000000002',
     '00000000-0007-0007-0007-000000000004',
     'Metronidazol 250 mg × 14 comprimidos — Profilaxis antibacteriana', 1, 15.00),
    ('00000000-0014-0014-0014-000000000005',
     '00000000-0013-0013-0013-000000000003',
     '00000000-0007-0007-0007-000000000012',
     'Consulta General — Dermatitis alérgica y pioderma superficial', 1, 45.00),
    ('00000000-0014-0014-0014-000000000006',
     '00000000-0013-0013-0013-000000000003',
     '00000000-0007-0007-0007-000000000003',
     'Prednisolona 5 mg × 20 comprimidos — Tratamiento antialérgico', 1, 22.00),
    ('00000000-0014-0014-0014-000000000007',
     '00000000-0013-0013-0013-000000000004',
     '00000000-0007-0007-0007-000000000012',
     'Consulta General — Control ERC estadio III', 1, 45.00),
    ('00000000-0014-0014-0014-000000000008',
     '00000000-0013-0013-0013-000000000004',
     '00000000-0007-0007-0007-000000000005',
     'Omeprazol 20 mg × 30 cápsulas — Gastroprotección en ERC', 1, 19.00),
    ('00000000-0014-0014-0014-000000000009',
     '00000000-0013-0013-0013-000000000005',
     '00000000-0007-0007-0007-000000000005',
     'Omeprazol 20 mg × 30 cápsulas — Venta directa (suministro mensual Max)', 2, 19.00);
